"国","日付","タイトル（日本語）","内容（日本語）","出展サイト","画像URL","URL"
"日本","2026-02-03","河西工業、館林工場2027年3月閉鎖へ","河西工業は連結子会社KKJの群馬県館林工場を2027年3月に閉鎖。自動車内装部品生産拠点の再編で、他拠点移管により供給継続。中期計画「KTA」に基づく構造改革の一環。","レスポンス","https://newsatcl-pctr.c.yimg.jp/t/amd-img/20260203-00000016-rps-000-1-view.jpg?exp=10800","https://news.yahoo.co.jp/articles/645b968baa3d01ba6c88cf6c21cf356925c3c2a5?source=rss"
"日本","2026-02-03","米トヨタ、3列シート新型車インテリア公開…2月10日デビュー","米トヨタは2月10日に3列シート搭載新型車を発表。ティザーでインテリアを公開し、大型ガラスルーフも特徴。広がる可能性を訴求。","レスポンス","https://newsatcl-pctr.c.yimg.jp/t/amd-img/20260203-00000014-rps-000-1-view.jpg?exp=10800","https://news.yahoo.co.jp/articles/631fc4218e61aae02c3bae622f9e3b323dc10cde?source=rss"
"日本","2026-02-03","ダイハツe-ハイゼットカーゴ、補助金で250万円台に","ダイハツが2026年2月2日、BEV「e-ハイゼットカーゴ」を発売。3社共同開発の「e-スマート エレクトリック」採用、WLTC257km、1500W給電標準装備、実質価格250万円台半ば。","carview!","https://newsatcl-pctr.c.yimg.jp/t/amd-img/20260203-00010003-carv-000-1-view.jpg?exp=10800","https://news.yahoo.co.jp/articles/ef5326826811076e4082a70271cd5c7d25713e75?source=rss"
"日本","2026-02-03","フランスSUV3台、東京オートサロン2026日本初披露","プジョー5008、シトロエンC5エアクロスが東京オートサロン2026で日本初披露。両車とも大型化・燃費改善、最新パノラミックディスプレイ搭載。ステランティスジャパンブースで発表。","ベストカーWeb","https://newsatcl-pctr.c.yimg.jp/t/amd-img/20260203-00000017-bestcar-000-1-view.jpg?exp=10800","https://news.yahoo.co.jp/articles/5c6de1d73b2b6dc613296b577d3868278681616f?source=rss"
"日本","2026-02-03","北米トヨタ、3列シート電動SUV「bZ5X」発表予定","北米トヨタが2月2日、3列シートのティザー映像を公開。2月10日発表予定で、bZ5Xとされる可能性が高い。2026年までに150万台BEV販売目標。","ベストカーWeb","https://newsatcl-pctr.c.yimg.jp/t/amd-img/20260203-00000010-bestcar-000-1-view.jpg?exp=10800","https://news.yahoo.co.jp/articles/5a2f4ec39e13b8e778ae294f032eb8544a68a5d5?source=rss"
"日本","2026-02-03","スズキeビターラ発売、補助金で実質492万円","スズキのBEV「eビターラ」Z 4WDが492万8000円で、CEV補助127万円など合計約131万円の支援で実質価格が下がる。全長4.27m、豪華内装、ALLGRIP-e駆動で雨天も安定走行。","くるまのニュース","https://newsatcl-pctr.c.yimg.jp/t/amd-img/20260203-01011149-kurumans-000-1-view.jpg?exp=10800","https://news.yahoo.co.jp/articles/d5ba2ac6c7fdc3d40a4e06ff1e8444b2155c9b0a?source=rss"
"日本","2026-02-03","マツダ・ベリーサ、3.9mで本革シート標準！","2004年登場のマツダ・ベリーサは全長3.9m、本革シートを標準装備。高級志向で日本カー・オブ・ザ・イヤー受賞、11年間販売され2016年終了。","くるまのニュース","https://newsatcl-pctr.c.yimg.jp/t/amd-img/20260203-01010932-kurumans-000-2-view.jpg?exp=10800","https://news.yahoo.co.jp/articles/78e6073ff33e74c22c315fa7b20e1cb4c95af0e3?source=rss"
"日本","2026-02-03","日産ムラーノ2026モデル、北米で好評","日産のムラーノ2026年モデルが北米で注目され、先進運転支援「プロパイロットアシスト2.1」や豪華内装、AWD駆動が評価されている。","くるまのニュース","https://newsatcl-pctr.c.yimg.jp/t/amd-img/20260203-01011054-kurumans-000-1-view.jpg?exp=10800","https://news.yahoo.co.jp/articles/19bfcec42a2d715e787e54d489b7ef18024efba3?source=rss"
"日本","2026-02-03","トヨタ・モデリスタ、斬新アルファードコンセプト発表","東京オートサロン2026でモデリスタが「アルファード・モデリスタ・コンセプト」を展示。ホワイト内装と光るグリルで「オシャレでイイ」と評価。市販化は今後の検討。","くるまのニュース","https://newsatcl-pctr.c.yimg.jp/t/amd-img/20260203-01011163-kurumans-000-1-view.jpg?exp=10800","https://news.yahoo.co.jp/articles/e00b38549887caf1547b2220977c22d7ed48aac4?source=rss"
"日本","2026-02-03","トヨタ「アクアラフィネ」、ブロンズアクセントで上質な“オトナ仕様”","2024年4月発売のトヨタ「アクア」特別仕様車「ラフィネ」は、ブロンズアクセントと豪華内装で上質感を強調。2WD価格266万7000円、TNGAプラットフォーム採用で走行安定性向上。2025年9月のフロントマスク変更でデザイン刷新。","くるまのニュース","https://newsatcl-pctr.c.yimg.jp/t/amd-img/20260203-01011241-kurumans-000-2-view.jpg?exp=10800","https://news.yahoo.co.jp/articles/493ee4d12e2e0e2fd5bf5cbcbb8b82a2b53d3632?source=rss"
"米国","2026-02-03","トヨタ・ハイランダーEV、2月10日発表予定","トヨタが発表する電気自動車「ハイランダーEV」は、ケンタッキー州で生産され、大容量バッテリーと多機能性を謳う。","The Drive","https://www.thedrive.com/wp-content/uploads/2026/02/BigEnergy_BiggerVersatility_Feb10-e1770119193382.jpg?quality=85","https://www.thedrive.com/news/the-toyota-highlander-ev-debuts-feb-10-tds"
"米国","2026-02-03","メルセデス、Sクラスの需要低下にも「基準車」宣言","Sクラスの生産は3年間でほぼ半減（2022年9万台→2025年5万台未満）。中国市場で依然として高い評価を得ているが、中国ブランドの競争やSUVへの移行で苦戦。2027年モデル更新で顧客要望を反映し、V12搭載のS680はBMWより優位。","Motor1","https://cdn.motor1.com/images/mgl/G3YMjb/s3/2027-mercedes-s-class.jpg","https://www.motor1.com/news/786220/mercedes-s-class-sales-way-down/"
"米国","2026-02-03","日本車レクサスES300hが高級車を上回る","2025年モデルのレクサスES300hは、静かで実用的なハイブリッド駆動を採用。快適性・耐久性・低騒音を重視し、ドイツブランドと同等の質を提供。215馬力のフルハイブリッドシステムで日常使いに最適。","Top Speed","https://static0.topspeedimages.com/wordpress/wp-content/uploads/2025/12/lexus-es-300h-2.jpg","https://www.topspeed.com/japanese-car-quietly-beats-luxury-brands/"
"米国","2026-02-03","Porsche 911 Turbo S：静かで実用的な超性能車","新型911 Turbo Sは、701馬力と2.5秒0-60mphを誇り、Nürburgringラップ7分3.92秒を記録。電気補助ターボでレスポンスを高め、日常でも安心な操縦性を備える。","Top Speed","https://static0.topspeedimages.com/wordpress/wp-content/uploads/2026/01/turbo-s-edited323146_6000x4000-1.jpg","https://www.topspeed.com/supercar-presence-no-ego/"
"欧州","2026-02-03","パワード・ボート・ライドはストレスの oasis か、無駄か","Steve Walkerは、パワード・ボート・ライドの遅さと警告音に不満。5秒かかる開閉は不便で、手を挿すと停止する。BMWやメルセデスも改善の余地あり。","Auto Express","https://media.autoexpress.co.uk/image/private/s--gfAMscG7--/t_rss_image_w_845/v1770120765/autoexpress/2026/02/opinion:%20Car%20boot%20lids%20Steve%20Walker.jpg","https://www.autoexpress.co.uk/opinion/368889/powered-car-boot-lids-are-rare-oasis-calm-modern-world-or-complete-waste-time-steve-walker"
"欧州","2026-02-03","Ringカスタムカーマットレビュー","RingのカスタムマットはUK製で、Fiat Panda用でも£25から。装飾や補強オプション付きで、デラーマットより安価かつ高品質。","Auto Express","https://media.autoexpress.co.uk/image/private/s--i-Xz-MYe--/t_rss_image_w_845/v1770118041/autoexpress/2026/02/Ring-Custom-car-mats.jpg","https://www.autoexpress.co.uk/product-reviews/368888/ring-custom-car-mats-review"
"欧州","2026-02-03","メルセデス、マーコ・ポロ自社生産で快適性向上","ルディグスフェルデ工場で生産。電動ポップアップルーフやLEDアメニティライト、磁気窓カバーを搭載。新モデル「Horizon」はキッチン省略、価格9万ポンド台に。電気モデルも2030年代末登場予定。","Auto Express","https://media.autoexpress.co.uk/image/private/s--f6EEa2gh--/t_rss_image_w_845/v1770103057/autoexpress/2026/02/Mercedes%20Marco%20Polo%202026.jpg","https://www.autoexpress.co.uk/mercedes/368885/updated-mercedes-marco-polo-sophisticated-home-wheels"
"中国","2026-02-03","中国では、2027年1月1日より、EVのドアハンドルに500Nの耐力を持つ機械式非常開閉装置の装備が","中国はGB 48001-2026基準により、2027年1月1日より新車向けに500N耐力の機械式非常開閉装置を義務化する。乗用車・軽商用車に適用し、既存車は2027年7月1日までに適合させる。","CarNewsChina - All","https://carnewschina.com/wp-content/uploads/2026/02/1ddbb75e58cc274ba7e5601557e93692.jpg","https://carnewschina.com/2026/02/03/500n-benchmark-set-china-mandates-new-safety-standard-requiring-mechanical-emergency-release/"
"中国","2026-02-03","HuaweiがAito M6の公式画像を公開し、2026年第二四半期に発売予定です。","Huaweiが支援するAitoは2026年2月3日、Aito M6の公式画像を公開した。価格は約250,000元で、M5とM7の間のミドルサイズSUV。HarmonyOS Cockpit 5とADS 4を搭載予定。","CarNewsChina - All","https://carnewschina.com/wp-content/uploads/2026/02/1200x0_1_autohomecar__chxpvwmbuheaxke5acrsjr1alb8212-large-picsart-aiimageenhancer-scaled.jpg","https://carnewschina.com/2026/02/03/huaweis-aito-m6-official-images-released-mid-size-suv-with-huawei-harmonyos-cockpit-5-and-ads-4/"
"インド","2026-02-03","インド・米国貿易協定、自動車部品輸出拡大へ","ACMAはインド・米国貿易協定を歓迎し、相互関税の削減（18％）がインド部品の米国市場競争力を高めると述べる。同協定は電動化やクリーンモビリティ分野での技術提携を促進し、両国間貿易を拡大する。","ETAuto - Auto Components","https://etimg.etb2bimg.com/thumb/img-size-80140/127882175.cms","https://auto.economictimes.indiatimes.com/news/auto-components/india-us-trade-agreement-set-to-boost-auto-component-exports-says-acma/127882175"
"インド","2026-02-03","マヒンドラ Vision S生産車内装、スパイショット公開","マヒンドラ Vision Sの生産車内装がスパイショットで確認。パノラマサンルーフやタッチスクリーンを備え、ディーゼル・ガソリン・ハイブリッド搭載予定。2027年発売予定。","Autocar India - All","https://asset.autocarindia.com/static/news/images/20260203_121905_d6edf3c9.jpg","https://www.autocarindia.com/car-news/mahindra-vision-s-production-spec-interior-spied-438962"
"インド","2026-02-03","メルセデス・CLA EV、2026年4月インド発売へ","メルセデス・ベンツは2026年4月にインドでCLA EVを発売。AクラスリムジンやEQA・EQBを置き換える。バッテリー85kWh、最大729km走行可能。","RushLane","https://www.rushlane.com/wp-content/uploads/2025/03/new-mercedes-cla-unveiled-in-hybrid-and-electric-versions-3.jpg","https://www.rushlane.com/mercedes-cla-ev-india-launch-timeline-revealed-april-2026-12539421.html"
"論文","2026-02-03","木材・文化財内の昆虫侵入音響データセット","2025年4～7月、スイスのHE-Arc、カナダのCMH・NGC、フランスのMNAで収集。Vallen VS900-Mセンサーで2MHzサンプリング。440.9時間のデータと画像、Pythonスクリプトを含む。","PubMed - Search","","https://pubmed.ncbi.nlm.nih.gov/41631262/?utm_source=Chrome&utm_medium=rss&utm_campaign=pubmed-2&utm_content=1BmJTbU5jL0av9T4Khv68l9Szy9DBfMeC5fs57GWu0vnoYd1mF&fc=20260127232539&ff=20260203100822&v=2.18.0.post22+67771e2"
"米国","2026-02-03","tesa、ZEISSら4社、ウィンドシールド表示技術刷新","tesa、ZEISS、Saint-Gobain Sekurit、Hyundai Mobisが協力し、ホログラフィックフィルムを搭載したウィンドシールド表示技術を開発。Saint-Gobain Sekuritはガラスへの統合、Hyundai MobisはPGU技術で性能を実現。","TMCnet","https://mma.prnewswire.com/media/2873344/tesa_SE.jpg","https://www.tmcnet.com/usubmit/2026/02/03/10326007.htm"
"米国","2026-02-03","LG Innotek、ドイツで自動車照明展示で欧州進出加速","LG InnotekはDVNで「Nexlide Pixel」を展示。世界最薄ピクセルでCES2026賞受賞。2030年まで自動車照明事業を691百万ドルに拡大予定。","PR Newswire UK","https://mma.prnewswire.com/media/2875630/Picture_1.jpg?p=twitter","https://www.prnewswire.co.uk/news-releases/lg-innotek-accelerates-european-market-penetration-with-automotive-lighting-showcase-in-germany-302677065.html"
"米国","2026-02-03","高級車のディテール：精密なメンテナンスが不可欠","高級車は単なる洗車でなく、精密なディテールが必要。専門家による適切なケアで、コーティングや内装材を守り、長期的な価値と快適性を維持する。","Nantwich News","https://thenantwichnews.co.uk/wp-content/uploads/2026/02/car-valeting.jpg","https://thenantwichnews.co.uk/2026/02/03/detailing-for-luxury-cars-keeping-premium-vehicles-perfect/"
"米国","2026-02-03","マセラティ、限定1台の「Frozen Magma」MCPura Cielo発表","イタリアのマセラティが、ICEスイス・モリッツで「Frozen Magma」と名付けた限定1台のMCPura Cieloを発表。","autoevolution","https://s1.cdn.autoevolution.com/images/news/maserati-freezes-magma-and-shows-it-off-as-a-special-one-of-one-mcpura-cielo-265097_1.jpg","https://www.autoevolution.com/news/maserati-freezes-magma-and-shows-it-off-as-a-special-one-of-one-mcpura-cielo-265097.html"
"米国","2026-02-03","中国17社・国際7社、EEA戦略と技術トレンド2025","2025年上半期、ドメイン融合アーキテクチャ車両80万台販売。Xiaomi YU7は4in1中央制御で、Qualcomm Snapdragon 8 Gen3とNVIDIA Thorを採用。2030年まで「準中央＋ゾーナル」アーキテクチャが25.2%に達する予測。","Yahoo Finance","https://s.yimg.com/os/en/globenewswire.com/93d5b27580f67db722dd7c112e43e8bc","https://finance.yahoo.com/news/global-china-intelligent-vehicle-eea-143400355.html"
"米国","2026-02-03","中国企業が高級空気サスペンションシート市場で台頭","中国の西安-based企業「Shaanxi Yisirui Auto Parts Co., Ltd.」が、建設・農業・物流分野向けに空気・機械式両方のサスペンションシートを提供し、コストと信頼性のバランスで競争。グローバル市場で規格適合とカスタマイズ能力が評価されている。","Detroit Free Press","http://freep.xpr-gannett.com/wp-content/uploads/sites/79/2025/05/image-14.png","https://www.freep.com/press-release/story/144946/top-luxury-air-suspension-seats-manufacturers-drive-comfort-innovation-across-the-global-mobility-industry/"
"欧州","2026-02-03","中国、衝突時に操作不能な「隠しドアハンドル」禁止","中国は新安全基準で、事故時に操作不能となる「ポップアウト式」ドアハンドルを禁止。このデザインは車両の見た目と空力性能を高めるが、安全性の懸念から規制された。","This is Money","https://i.dailymail.co.uk/1s/2026/02/03/08/106058541-0-image-a-8_1770107660429.jpg","https://www.msn.com/en-ca/autos/news/china-bans-hidden-pop-out-car-door-handles-as-part-of-new-safety-standards/ar-AA1VyGBQ"
"欧州","2026-02-03","中国、電動ドアハンドル禁止 テスラも影響","中国は2027年1月から電動・フラッシュ式ドアハンドルを禁止。車両重量3.5トン未満は機械式非常開閉機能を義務化。テスラの米国での訴訟や、Xiaomiの事故も背景。","Auto Express","https://media.autoexpress.co.uk/image/private/s--X-WVjvBW--/f_auto,t_content-image-full-desktop@1/v1762537383/autoexpress/2025/11/Tesla Model Y Standard 2025 006.jpg","https://www.autoexpress.co.uk/news/368628/sorry-tesla-hidden-car-door-handles-be-banned-china-over-safety-fears"
"欧州","2026-02-03","中国2027年から隠しドアハンドル禁止","中国工信部が2027年1月1日から、車両のドアハンドルに内外両方の機械式解除機構を義務付け、隠しハンドルの販売を禁止する新規制を発表した。","Sinar Daily","https://s.yimg.com/os/en/afp.com.sg/3c849951deb3424a70d16f26a396e1df","https://www.msn.com/en-my/cars/general/china-to-ban-hidden-car-door-handles-in-industry-shift/ar-AA1VxGoM"
"欧州","2026-02-03","中国、EVの隠しハンドルを禁止 安全対策","中国は2027年1月からEVに機械式ドア解放装置を義務化。テスラの設計が問題視され、BYDがテスラを上回る売上を記録。","The Guardian","https://i.guim.co.uk/img/media/7ad026feb9dafc50ba663627328d09215dfb586e/480_0_3331_2666/master/3331.jpg?width=1200&height=630&quality=85&auto=format&fit=crop&precrop=40:21,offset-x50,offset-y0&overlay-align=bottom%2Cleft&overlay-width=100p&overlay-base64=L2ltZy9zdGF0aWMvb3ZlcmxheXMvdGctZGVmYXVsdC5wbmc&enable=upscale&s=11d4bce59b00d34be4c276f8d8dea75c","https://www.theguardian.com/environment/2026/feb/03/china-to-ban-hidden-car-door-handles-evs"
"欧州","2026-02-03","Leapmotor B10、アイルランドで販売開始","LeapmotorのミドルサイズSUV B10がアイルランドで販売開始。価格はStyleモデルが€32,984（SEAI補助含む）、Designモデルが€36,996。WLTP走行距離は56.2kWhモデルで361km、67.1kWhモデルで434km。20分で30-80%充電可能。","Western People","https://www.westernpeople.ie/cms_media/module_img/7662/3831096_4_articledetail_LeapMotorB10IMG_0969.jpeg.jpg","https://www.westernpeople.ie/life/leapmotors-mid-size-b10-arrives-in-forecourts_arid-85652.html"
"欧州","2026-02-03","Nintendo Switch 2大ヒットだが株価下落","Switch 2が世界最高売上記録を更新し利益も過去最高だが、TSE:7974株価は¥10,105で前週2.6%下落。メモリコストや米国関税の影響は限定的。3年間92.3%のリターンも過去の強さを示す。","Yahoo Finance","https://s.yimg.com/os/en/simply_wall_st__316/f03d17bfb9bd39baa89c6655dcfb03d3","https://finance.yahoo.com/news/nintendo-switch-2-record-sales-141412382.html"
"欧州","2026-02-03","LG Innotek、ミュンヘンでNexlide照明発表","LG Innotekは3日、ミュンヘンで開催する照明ワークショップで「Nexlide」ブランドの最新車載照明を展示する。","The Korea Herald","https://wimg.heraldcorp.com/news/cms/2026/02/03/news-p.v1.20260203.3f3d9b61fe6e4f6f870b0a04722d6058_T1.png","https://www.koreaherald.com/article/10668676"
"中国","2026-02-03","3Mの創薬新材料ソリューションが、自動車業界のグリーン変革を推進する","材料科学の分野で革新を牽引する3Mは、自動車業界に100年以上にわたり深耕し、科学の力をもって産業のアップグレードを推進してきました。","盖世汽车","https://imagecn.gasgoo.com/moblogo/News/160_110/2026/1/2803100652.jpg","https://auto.gasgoo.com/news/202602/3I70444733C103.shtml"
"中国","2026-02-03","比亚迪は网约车に特別な待遇を提供し、新ブランド「领汇」が何を狙っているのか","BYDは2026年2月2日に新ブランド「領匯汽車」を発表し、ネットタクシー、路線バスなどBtoB市場に特化。秦PLUS EVや海豹06 EVなどの成熟モデルをベースに開発し、技術面での妥協を避け、価格も手頃に設定。","搜狐体育","http://sohu-media.bjcnc.scs.sohucs.com/web/static/images/sohu_logo.png","https://sports.sohu.com/a/983081385_146550"
"中国","2026-02-03","テスラのCarPlayレイアウトが明らかに","テスラは窓口化共存モードを採用し、左側で車両制御、右側でエコシステムを提供。中央ディスプレイの左1/3および下部はオリジナルシステムで制御し、右2/3はCarPlayアプリを開放することで、スマホと車載機器の無縫隙な連携を実現する。","腾讯网","https://inews.gtimg.com/om_ls/O-35Rz0B7JDc26TdU1f5HAQTkIqQgtQ6qN0H0ZgYuh-pYAA_640330/0","https://news.qq.com/rain/a/20260203A06OZO00"
"中国","2026-02-03","小鵬自動車は自動運転とスマート座席を統合する","小鵬汽車は近日、自動運転とスマート座席センターを統合し、一般的な表記で「通用智能中心」と称し、劉先明が主導し、何小鵬に報告する体制とした。","新浪财经","https://n.sinaimg.cn/spider20260203/397/w1578h1219/20260203/0a33-3a5943570e31fb52dc4ad35c57fa3afe.jpg","https://finance.sina.com.cn/roll/2026-02-03/doc-inhkpvfa7219703.shtml"
"中国","2026-02-03","トヨタの新型SUVの内装が2月10日に公開予定です。","トヨタの新型SUVの内装予告図が公開され、6シートレイアウトを採用。2月10日に正式発表され、bZ5xまたはGrand Crownという名前になる可能性があり、年内北米で発売予定。","汽车之家","https://z.autoimg.cn/zixun/www/img/opg_400_400.png","https://www.autohome.com.cn/news/202602/1312192.html"
"中国","2026-02-03","小鵬の自動運転とスマート座席センターが統合された","小鵬は新しく一般的な知能センターを設立し、自動運転とスマート座席を統合し、自動車＋ロボットAI組織に向けて、基盤モデルなどの層構造に基づいて二級組織を設ける。","IT之家","https://img.ithome.com/images/v2/t.png","https://www.ithome.com/0/918/918.htm"
"中国","2026-02-03","中科创達と火山エンジンが連携し、AI座舱を推進する","ユニバーサル火山エンジンは、火山方舟プラットフォームに基づいてGUIAgentを開発し、UIインタラクションを自律的に計画・推論・実行できるようにし、座席の効率を向上させ、スマートカーのインタラクション体験を刷新する。","搜狐","http://sohu-media.bjcnc.scs.sohucs.com/web/static/images/sohu_logo.png","https://www.sohu.com/a/983161355_122066676"
"中国","2026-02-03","自家用車のテクノロジー・装備のランク","自動車産業の急速な発展に伴い、自家用車のテクノロジー装備は消費者が車を購入する際の重要な判断要素となっています。従来の機械式メーターからフル液晶ディスプレイへ、手動操作から音声認識へと、テクノロジー装備の進化は運転体験を向上させ、さらに運転を安全かつ便利にしています。","搜狐新闻","https://q1.itc.cn/images01/20260202/466ebe3098d743f0bcd4aad4a2ff357f.jpeg","https://news.sohu.com/a/982911213_122631547"
"インド","2026-02-03","タタ・シエラのアクセサリー価格リスト","タタ・シエラの購入者は、ルーフラックやシートカバーなど、公式価格で外装・内装アクセサリーを選べる。","Times Now","https://images.timesnownews.com/thumb/msid-153551400,width-1280,height-720,resizemode-75/153551400.jpg","https://www.msn.com/en-in/autos/news/tata-sierra-accessories-for-buyers-full-exterior-and-interior-price-list/ar-AA1VxJtm"
"インド","2026-02-03","中国2027年から隠しドアハンドル禁止","中国は2027年1月から隠しドアハンドルを禁止し、テスラ式デザインをターゲットに、事故時の救助を考慮した機械式ハンドルを義務化。BYDが2023年、テスラを上回るEV販売数を記録。","Firstpost","https://images.firstpost.com/uploads/2026/02/Untitled-design-25-2026-02-52310039b1ced4bc5201dd20655ffb1c-1200x675.jpg?im=FitAndFill=(1200,675)","https://www.firstpost.com/tech/china-to-ban-hidden-car-door-handles-over-safety-risks-from-2027-13975553.html"
"インド","2026-02-03","マヒンドラXUV7XO、インド初のDolby Vision＆Atmos搭載車","マヒンドラのXUV7XOがインド初のDolby VisionとDolby Atmosを搭載。車内スクリーンとサウンドの新基準を設定。","The Indian Express","https://images.indianexpress.com/2026/02/IE-2026-02-03T174647.122.jpg","https://indianexpress.com/article/technology/tech-news-technology/mahindra-xuv-7xo-first-indian-car-to-feature-dolby-vision-and-atmos-10511344/"
"インド","2026-02-03","6高級電気自動車が持つサステナビリティと贅沢","ロールス・ロイス・スペクタ、メルセデス・EQS、BMW i7、ポルシェ・タイキャン、アウディ・e-tron GT、メルセデス・マイバッハ・EQS SUVが、環境配慮と高級感を両立。","The Times of India","https://static.toiimg.com/thumb/msid-127887009,width-1280,height-720,imgsize-28964,resizemode-6,overlay-toi_sw,pt-32,y_pad-600/photo.jpg","https://timesofindia.indiatimes.com/auto/news/6-luxury-electric-cars-that-blend-sustainability-with-opulence/photostory/127886992.cms"
"インド","2026-02-03","メルセデス・ベンツCLA EV、4月インド発売予定","2026年4月にインドで発売予定のCLA EVは、85kWhバッテリーと792km（WLTP）航続可能。照明EVデザイン、ダブルスクリーン、レベル2ADASを搭載。","Times Now","https://images.timesnownews.com/thumb/msid-153553420,width-1280,height-720,resizemode-75/153553420.jpg","https://www.msn.com/en-in/autos/news/mercedes-benz-cla-ev-set-to-debut-in-april-check-out-the-photos/ar-AA1Vz6Uw"
"インド","2026-02-03","トヨタ、2月10日発表の謎のSUVの内装公開","トヨタは3列シート、モダンなダッシュボード、パノラマガラスルーフを搭載する予定の新SUVの内装を公開。発表日は2月10日。","HT Auto","https://images.hindustantimes.com/auto/img/2026/02/03/1600x900/toyota-new-suv-1_1770110332423_1770110350507.jpg","https://www.msn.com/en-in/lifestyle/shopping/toyota-reveals-what-s-inside-its-upcoming-mystery-suv-ahead-of-february-10-debut/ar-AA1VyPZD"
"インド","2026-02-03","2027年メルセデス・ベンツSクラス、大幅刷新","2027年モデルのSクラスは、デザイン改良、新Superscreen、後席技術向上、高出力エンジンを搭載。最大出力340kWのバージョンも登場。","HT Auto","https://images.hindustantimes.com/auto/img/2026/02/03/1600x900/S-Class-2_1769758250608_1770104290579.jpg","https://www.msn.com/en-in/autos/luxury/mercedes-benz-s-class-what-s-new-in-the-2027-update/ar-AA1Vy4Z2"
